{
  "attack": {
    "Algeria": 0.9162630913229902,
    "Argentina": 1.3493132149980618,
    "Australia": 0.8592100526251072,
    "Austria": 1.3419282064937665,
    "Belgium": 2.8687538257075254,
    "Bosnia-Herzegovina": 0.7423847731288883,
    "Brazil": 1.9345549699707139,
    "Cabo Verde": 0.5171392482915403,
    "Canada": 0.5115457707190431,
    "Colombia": 1.4394696843178296,
    "Congo DR": 0.8067248656879235,
    "Croatia": 1.0670396544637084,
    "Cura\u00e7ao": 1.5843326122788253,
    "Czechia": 0.6228678488398024,
    "Ecuador": 0.7893813259328317,
    "Egypt": 0.9048508339704329,
    "England": 0.5467132565369036,
    "France": 1.8909725062480007,
    "Germany": 1.611122634960821,
    "Ghana": 0.49358884244425694,
    "Haiti": 0.7064024787602172,
    "Iran": 0.33011452886731146,
    "Iraq": 0.35754223219663483,
    "Ivory Coast": 1.389882444110037,
    "Japan": 0.9635604778939902,
    "Jordan": 0.8525986766642542,
    "Mexico": 0.8916490461663827,
    "Morocco": 1.4030384144561279,
    "Netherlands": 1.3471027649765115,
    "New Zealand": 0.28249215656409865,
    "Norway": 0.888841391625671,
    "Panama": 0.9111853706933911,
    "Paraguay": 0.9912452000555629,
    "Portugal": 1.222895581500169,
    "Qatar": 0.5838837825968481,
    "Saudi Arabia": 0.4225891889973366,
    "Scotland": 0.6881170580203155,
    "Senegal": 1.056801826714172,
    "South Africa": 0.4224892741550332,
    "South Korea": 0.8518786161327473,
    "Spain": 1.9205838265463813,
    "Sweden": 1.0019552028663479,
    "Switzerland": 1.5415672040293489,
    "Tunisia": 0.5863069256573091,
    "T\u00fcrkiye": 0.8709783091430213,
    "USA": 1.1801208034396569,
    "Uruguay": 0.8194293638117297,
    "Uzbekistan": 0.7165906344204238
  },
  "defense": {
    "Algeria": 0.317313417169755,
    "Argentina": 0.6818451386224975,
    "Australia": 0.9265859588263308,
    "Austria": 0.8212354423001845,
    "Belgium": 0.7075845974170537,
    "Bosnia-Herzegovina": 1.3769304110684508,
    "Brazil": 1.1039033867091936,
    "Cabo Verde": 1.2297239905403101,
    "Canada": 0.590619597117334,
    "Colombia": 0.9552457303923543,
    "Congo DR": 1.4730556591781978,
    "Croatia": 0.8340296027379446,
    "Cura\u00e7ao": 4.0923097591333,
    "Czechia": 1.7907807007979948,
    "Ecuador": 0.4749936481063003,
    "Egypt": 0.9924854577812954,
    "England": 1.0299818255570798,
    "France": 0.7915112202634565,
    "Germany": 1.1836033097846606,
    "Ghana": 1.9283719670542654,
    "Haiti": 1.9456466473330591,
    "Iran": 1.1126160700409278,
    "Iraq": 0.919910841508565,
    "Ivory Coast": 0.7641818256753061,
    "Japan": 0.7432527299440232,
    "Jordan": 1.7655727167504476,
    "Mexico": 0.6793160292340483,
    "Morocco": 0.9500510059411054,
    "Netherlands": 1.1973475761255972,
    "New Zealand": 2.037240723029908,
    "Norway": 0.9350973030614155,
    "Panama": 1.9355257068520992,
    "Paraguay": 0.9491269366930133,
    "Portugal": 0.4807500577827189,
    "Qatar": 3.3976516932083007,
    "Saudi Arabia": 1.3703730610878389,
    "Scotland": 0.8215041189596567,
    "Senegal": 1.4964746968238407,
    "South Africa": 1.381064902978329,
    "South Korea": 1.3606731090770081,
    "Spain": 1.3539984416745217,
    "Sweden": 2.1976561656567433,
    "Switzerland": 1.1339896974322692,
    "Tunisia": 0.9701426694377636,
    "T\u00fcrkiye": 1.6492749665928976,
    "USA": 1.5593189412228918,
    "Uruguay": 1.0570430775858577,
    "Uzbekistan": 1.645357455106866
  },
  "home_advantage": 1.141188499305404,
  "rho": -0.17232044112104736,
  "n_matches_used": 663,
  "n_teams_fitted": 48,
  "teams_with_data": [
    "Algeria",
    "Argentina",
    "Australia",
    "Austria",
    "Belgium",
    "Bosnia-Herzegovina",
    "Brazil",
    "Cabo Verde",
    "Canada",
    "Colombia",
    "Congo DR",
    "Croatia",
    "Cura\u00e7ao",
    "Czechia",
    "Ecuador",
    "Egypt",
    "England",
    "France",
    "Germany",
    "Ghana",
    "Haiti",
    "Iran",
    "Iraq",
    "Ivory Coast",
    "Japan",
    "Jordan",
    "Mexico",
    "Morocco",
    "Netherlands",
    "New Zealand",
    "Norway",
    "Panama",
    "Paraguay",
    "Portugal",
    "Qatar",
    "Saudi Arabia",
    "Scotland",
    "Senegal",
    "South Africa",
    "South Korea",
    "Spain",
    "Sweden",
    "Switzerland",
    "Tunisia",
    "T\u00fcrkiye",
    "USA",
    "Uruguay",
    "Uzbekistan"
  ],
  "teams_using_defaults": [],
  "log_likelihood": -1721.1375713364635,
  "converged": true
}