{
  "attack": {
    "Algeria": 0.9162626990006929,
    "Argentina": 1.3493128467582682,
    "Australia": 0.8592099651732581,
    "Austria": 1.3419289887794703,
    "Belgium": 2.8687496228270746,
    "Bosnia-Herzegovina": 0.7423862568746475,
    "Brazil": 1.934553528925633,
    "Cabo Verde": 0.51713804029549,
    "Canada": 0.5115463318958903,
    "Colombia": 1.4394702893183933,
    "Congo DR": 0.8067254618984954,
    "Croatia": 1.0670386493474309,
    "Cura\u00e7ao": 1.5843351651156838,
    "Czechia": 0.6228671884102145,
    "Ecuador": 0.789382044072578,
    "Egypt": 0.9048503519926594,
    "England": 0.546713797532768,
    "France": 1.890973257894761,
    "Germany": 1.6111226710818023,
    "Ghana": 0.49358812564340643,
    "Haiti": 0.7064017862386047,
    "Iran": 0.3301154514755559,
    "Iraq": 0.3575416882520267,
    "Ivory Coast": 1.3898829763175584,
    "Japan": 0.963561296151962,
    "Jordan": 0.8525995586091084,
    "Mexico": 0.8916491266797517,
    "Morocco": 1.4030381897966775,
    "Netherlands": 1.3471036962170522,
    "New Zealand": 0.2824924277439771,
    "Norway": 0.8888420850214728,
    "Panama": 0.911185052072362,
    "Paraguay": 0.9912456988655926,
    "Portugal": 1.2228939391936964,
    "Qatar": 0.5838818554786398,
    "Saudi Arabia": 0.42258959161199244,
    "Scotland": 0.6881170209492006,
    "Senegal": 1.0568019328917182,
    "South Africa": 0.4224901519286221,
    "South Korea": 0.8518787211901883,
    "Spain": 1.9205820235776507,
    "Sweden": 1.0019563891683116,
    "Switzerland": 1.5415673612883634,
    "Tunisia": 0.5863064694245713,
    "T\u00fcrkiye": 0.8709783660189793,
    "USA": 1.1801227464328437,
    "Uruguay": 0.8194289229560898,
    "Uzbekistan": 0.7165901916088164
  },
  "defense": {
    "Algeria": 0.3173124594586474,
    "Argentina": 0.6818437493876133,
    "Australia": 0.9265853149713875,
    "Austria": 0.8212354626553637,
    "Belgium": 0.7075836161221727,
    "Bosnia-Herzegovina": 1.3769291991562917,
    "Brazil": 1.1039031513879478,
    "Cabo Verde": 1.2297249000431274,
    "Canada": 0.5906190810527698,
    "Colombia": 0.955245532562361,
    "Congo DR": 1.4730550190255605,
    "Croatia": 0.8340289792649368,
    "Cura\u00e7ao": 4.09230983451108,
    "Czechia": 1.79078533650425,
    "Ecuador": 0.4749937417876116,
    "Egypt": 0.9924847315859255,
    "England": 1.029979992387074,
    "France": 0.7915111094494155,
    "Germany": 1.1836028080314658,
    "Ghana": 1.9283686753689235,
    "Haiti": 1.9456459497285614,
    "Iran": 1.1126185736936904,
    "Iraq": 0.9199109181941811,
    "Ivory Coast": 0.7641804098605022,
    "Japan": 0.7432520497044085,
    "Jordan": 1.7655729049265427,
    "Mexico": 0.67931559731341,
    "Morocco": 0.9500519611573627,
    "Netherlands": 1.197348123757761,
    "New Zealand": 2.0372389581237713,
    "Norway": 0.9350952198195143,
    "Panama": 1.9355236467020147,
    "Paraguay": 0.94912723913225,
    "Portugal": 0.4807498796810121,
    "Qatar": 3.397653767026859,
    "Saudi Arabia": 1.3703725894462286,
    "Scotland": 0.8215031835999289,
    "Senegal": 1.4964728694255354,
    "South Africa": 1.38106413001004,
    "South Korea": 1.3606735771464262,
    "Spain": 1.35399868025259,
    "Sweden": 2.1976561172765234,
    "Switzerland": 1.1339894612204693,
    "Tunisia": 0.9701414228206595,
    "T\u00fcrkiye": 1.6492757208892728,
    "USA": 1.559318257649117,
    "Uruguay": 1.0570420857751972,
    "Uzbekistan": 1.6453568463794943
  },
  "home_advantage": 1.141188681508312,
  "rho": -0.17232097888911804,
  "n_matches_used": 663,
  "n_teams_fitted": 48,
  "teams_with_data": [
    "Algeria",
    "Argentina",
    "Australia",
    "Austria",
    "Belgium",
    "Bosnia-Herzegovina",
    "Brazil",
    "Cabo Verde",
    "Canada",
    "Colombia",
    "Congo DR",
    "Croatia",
    "Cura\u00e7ao",
    "Czechia",
    "Ecuador",
    "Egypt",
    "England",
    "France",
    "Germany",
    "Ghana",
    "Haiti",
    "Iran",
    "Iraq",
    "Ivory Coast",
    "Japan",
    "Jordan",
    "Mexico",
    "Morocco",
    "Netherlands",
    "New Zealand",
    "Norway",
    "Panama",
    "Paraguay",
    "Portugal",
    "Qatar",
    "Saudi Arabia",
    "Scotland",
    "Senegal",
    "South Africa",
    "South Korea",
    "Spain",
    "Sweden",
    "Switzerland",
    "Tunisia",
    "T\u00fcrkiye",
    "USA",
    "Uruguay",
    "Uzbekistan"
  ],
  "teams_using_defaults": [],
  "log_likelihood": -1721.1375713367356,
  "converged": true
}